id,salary
31747,6267045.5
31748,4246026.0
31749,3856105.8
31750,11101417.0
31751,7514016.0
31752,6665834.5
31753,5660619.0
31754,19926218.0
31755,6813593.5
31756,9339934.0
31757,5613897.5
31758,4026271.2
31759,3621742.8
31760,16122423.0
31761,6146994.5
31762,5084100.5
31763,5395545.0
31764,6214325.5
31765,3937150.0
31766,4729715.5
31767,2085483.1
31768,6870071.5
31769,4391868.0
31770,12850033.0
31771,4533373.5
31772,5272244.5
31773,6966032.5
31774,5670200.0
31775,8961672.0
31776,7489468.0
31777,4986643.0
31778,4741034.0
31779,10226173.0
31780,13828531.0
31781,4658045.0
31782,10286426.0
31783,4563843.5
31784,4115726.5
31785,6741170.5
31786,5231481.5
31787,5030440.5
31788,3818828.0
31789,5451280.5
31790,4327668.0
31791,4737142.0
31792,3099276.0
31793,16719290.0
31794,6968406.5
31795,5140039.0
31796,8663084.0
31797,2592891.0
31798,4166779.0
31799,5108619.5
31800,4300445.5
31801,8169030.0
31802,5036847.5
31803,5610322.5
31804,4031774.8
31805,4158324.8
31806,4543402.5
31807,6708728.0
31808,4166779.0
31809,12011987.0
31810,5204248.5
31811,2642829.8
31812,5131596.0
31813,4399517.0
31814,20104508.0
31815,5090620.5
31816,5575570.0
31817,14215804.0
31818,3546940.5
31819,7866244.0
31820,5753499.5
31821,3966437.0
31822,7791184.5
31823,7025086.5
31824,4158324.8
31825,21954564.0
31826,7740390.0
31827,13183994.0
31828,3966437.0
31829,7634313.5
31830,4166779.0
31831,6012953.0
31832,3427857.5
31833,8281950.5
31834,3475924.8
31835,10371101.0
31836,7292102.0
31837,6730562.0
31838,9074978.0
31839,7791184.5
31840,4769761.5
31841,5591196.0
31842,5757408.0
31843,11871457.0
31844,3631011.5
31845,6688990.0
31846,13147818.0
31847,2700124.0
31848,5209842.0
31849,10180653.0
31850,7439193.5
31851,4117056.2
31852,4931597.5
31853,3554809.0
31854,6087077.0
31855,3629504.2
31856,5278042.0
31857,13736488.0
31858,5802002.5
31859,4397641.0
31860,11138340.0
31861,6299855.5
31862,4433965.0
31863,10056004.0
31864,5557684.5
31865,5035670.5
31866,11299280.0
31867,4031774.8
31868,7627148.0
31869,3099276.0
31870,4970019.0
31871,9967040.0
31872,4268060.5
31873,4544203.0
31874,6624430.5
31875,4740126.0
31876,3962484.2
31877,3865612.8
31878,3224962.2
31879,3433490.2
31880,6293465.0
31881,21125854.0
31882,7611575.0
31883,2836518.5
31884,5711443.5
31885,5866316.0
31886,4012761.8
31887,7073350.0
31888,4224933.0
31889,6055101.0
31890,12858502.0
31891,20637632.0
31892,2355826.8
31893,3475924.8
31894,5108311.0
31895,2797218.5
31896,4848017.5
31897,6068377.5
31898,5348439.0
31899,4534484.5
31900,7337115.0
31901,6368032.5
31902,8501566.0
31903,7636163.0
31904,7297921.5
31905,4677133.5
31906,8564673.0
31907,1797080.5
31908,4033571.8
31909,9304347.0
31910,3090749.5
31911,3066252.0
31912,5274393.0
31913,5935434.5
31914,15300889.0
31915,5106829.0
31916,4677133.5
31917,6589043.0
31918,3475924.8
31919,5235596.5
31920,4198159.0
31921,11024409.0
31922,3099276.0
31923,4582698.0
31924,4205685.5
31925,5106829.0
31926,4751885.0
31927,9926803.0
31928,9214263.0
31929,7514016.0
31930,4322146.5
31931,6700307.5
31932,5200053.5
31933,5139566.5
31934,4367549.0
31935,4898645.5
31936,3848196.5
31937,4504009.5
31938,6536697.5
31939,2950635.2
31940,4161971.5
31941,7037831.0
31942,10595331.0
31943,5113843.0
31944,15019242.0
31945,8139505.0
31946,11881017.0
31947,5699727.5
31948,4743804.5
31949,4428401.0
31950,6690528.5
31951,12756309.0
31952,4001130.5
31953,12756309.0
31954,3848196.5
31955,4812667.5
31956,5312512.0
31957,4800085.0
31958,12224088.0
31959,6343694.5
31960,4633832.0
31961,4114795.0
31962,4411604.5
31963,4542900.5
31964,6394109.0
31965,10057474.0
31966,6870062.5
31967,5059125.5
31968,8478081.0
31969,10550231.0
31970,3870697.5
31971,5650345.0
31972,5481733.0
31973,5064318.5
31974,4382821.5
31975,17053700.0
31976,6394874.5
31977,5177133.0
31978,3390134.5
31979,10317194.0
31980,5164506.0
31981,4185556.0
31982,5231481.5
31983,9497404.0
31984,6125873.5
31985,5818352.0
31986,3844947.8
31987,14452135.0
31988,6786890.0
31989,4120233.8
31990,12372022.0
31991,6526044.5
31992,22674468.0
31993,4158324.8
31994,4812321.5
31995,26137500.0
31996,7073350.0
31997,5403062.0
31998,3370848.2
31999,9823503.0
32000,5562958.0
32001,6404056.5
32002,3582770.0
32003,2715130.5
32004,6232031.0
32005,5177133.0
32006,4725515.0
32007,7108386.5
32008,4748840.0
32009,4874905.0
32010,6438352.0
32011,5216671.5
32012,8582029.0
32013,6689032.5
32014,6404056.5
32015,3997540.5
32016,8138471.5
32017,6664177.5
32018,6682159.0
32019,24422342.0
32020,5825216.0
32021,9184212.0
32022,4586715.5
32023,10802302.0
32024,11343602.0
32025,9582334.0
32026,17571302.0
32027,5508107.0
32028,4677133.5
32029,10764000.0
32030,3915843.8
32031,4391868.0
32032,10905861.0
32033,14804282.0
32034,3099276.0
32035,4103340.8
32036,5458842.0
32037,10122240.0
32038,5984501.5
32039,12819153.0
32040,5537342.5
32041,5262490.5
32042,10696423.0
32043,8974368.0
32044,4822671.0
32045,9907651.0
32046,13927248.0
32047,4371339.5
32048,3554809.0
32049,6598535.0
32050,6589174.5
32051,4022179.5
32052,7307926.5
32053,9694222.0
32054,21820532.0
32055,6646672.0
32056,5659084.0
32057,4833280.5
32058,13291023.0
32059,4503840.5
32060,7642863.5
32061,5206082.0
32062,7791184.5
32063,5397074.5
32064,5344563.5
32065,6895827.5
32066,4854274.0
32067,4280489.0
32068,2907735.8
32069,2873920.8
32070,5620981.0
32071,6574347.5
32072,6155884.5
32073,5575164.0
32074,5619635.5
32075,6251516.0
32076,10603386.0
32077,4224933.0
32078,13158463.0
32079,3582770.0
32080,5997019.0
32081,4726318.5
32082,4989827.5
32083,12280745.0
32084,5646532.0
32085,3390892.2
32086,6870071.5
32087,4591013.0
32088,4149612.5
32089,3870090.2
32090,5574713.0
32091,4108698.0
32092,6510145.5
32093,17968990.0
32094,4058401.0
32095,5040562.5
32096,4930058.0
32097,4383874.5
32098,4741034.0
32099,3909233.2
32100,2902445.2
32101,3218934.0
32102,18799114.0
32103,5027391.0
32104,6981636.0
32105,4923633.0
32106,6479892.0
32107,9059255.0
32108,6533097.5
32109,7257966.5
32110,4138531.0
32111,5556298.5
32112,7802744.5
32113,6423736.0
32114,5130699.5
32115,6248391.5
32116,3856330.8
32117,8258509.0
32118,9956114.0
32119,5898502.0
32120,8575303.0
32121,11119691.0
32122,3686233.0
32123,6770572.5
32124,22787252.0
32125,8117390.5
32126,4426924.5
32127,3880964.2
32128,14509938.0
32129,6311670.0
32130,5032112.5
32131,2213367.0
32132,3475924.8
32133,5412943.5
32134,5019397.0
32135,30009802.0
32136,6393610.0
32137,4820348.0
32138,7665406.5
32139,4166929.0
32140,5366063.5
32141,4834917.0
32142,5419308.5
32143,9415856.0
32144,5237116.0
32145,2787110.8
32146,4332323.5
32147,6221300.0
32148,4701901.5
32149,2893772.0
32150,5250872.5
32151,7789477.5
32152,8062192.0
32153,3942404.0
32154,16813722.0
32155,23419894.0
32156,5429354.5
32157,27990204.0
32158,6478310.0
32159,5408271.0
32160,7971021.0
32161,3218934.0
32162,17397174.0
32163,14016869.0
32164,10468318.0
32165,4998322.0
32166,4166779.0
32167,5295381.5
32168,6379170.0
32169,5149366.5
32170,5018876.5
32171,15332179.0
32172,5978130.0
32173,5361052.5
32174,5665956.0
32175,9225867.0
32176,3837572.2
32177,4272888.0
32178,13239595.0
32179,3341382.8
32180,6450563.0
32181,6467339.5
32182,10596208.0
32183,14740067.0
32184,4640299.0
32185,9282405.0
32186,4747870.0
32187,8270650.0
32188,4725847.0
32189,4176944.5
32190,3099276.0
32191,5027391.0
32192,1794475.2
32193,4879404.0
32194,12366361.0
32195,14571184.0
32196,4198033.5
32197,4352998.5
32198,9217664.0
32199,4659110.5
32200,4950172.0
32201,5184464.5
32202,6025124.0
32203,26137500.0
32204,6808621.0
32205,5154613.0
32206,7188530.5
32207,4606133.0
32208,4345385.5
32209,7899523.0
32210,27810264.0
32211,4877168.5
32212,9215924.0
32213,3343498.8
32214,3882197.2
32215,5076159.5
32216,10032917.0
32217,3092538.8
32218,6339316.5
32219,6438352.0
32220,5767305.5
32221,12190200.0
32222,4615852.5
32223,6891525.5
32224,11942835.0
32225,4679643.5
32226,5546342.5
32227,7519819.0
32228,12178668.0
32229,6231776.0
32230,3483346.5
32231,4612857.0
32232,14159638.0
32233,4166779.0
32234,4306727.0
32235,5345838.0
32236,3950234.8
32237,14391220.0
32238,4320371.0
32239,5786307.0
32240,5171244.5
32241,6159187.5
32242,5524342.0
32243,16134892.0
32244,3858420.0
32245,15084034.0
32246,2692097.0
32247,4582698.0
32248,6044648.5
32249,3794506.2
32250,12011987.0
32251,9965334.0
32252,7956159.5
32253,8575296.0
32254,10196484.0
32255,14074646.0
32256,8430418.0
32257,9575873.0
32258,43733524.0
32259,9620732.0
32260,5836594.0
32261,4408784.5
32262,9185774.0
32263,4241921.5
32264,5562155.5
32265,6285430.5
32266,635204.0
32267,6126282.0
32268,4166779.0
32269,5937913.5
32270,8961672.0
32271,4480306.0
32272,12011987.0
32273,5573480.5
32274,6267219.5
32275,3613128.2
32276,16176529.0
32277,2097997.2
32278,4352462.5
32279,5857102.5
32280,4269928.0
32281,4060406.8
32282,4758191.5
32283,6502403.5
32284,4878613.0
32285,21326022.0
32286,4044154.8
32287,5043341.5
32288,7789477.5
32289,3099276.0
32290,5224852.0
32291,6249135.5
32292,5373435.0
32293,15866742.0
32294,3339086.2
32295,5557640.5
32296,8338565.0
32297,9287741.0
32298,7237216.5
32299,7367404.0
32300,4897207.0
32301,6827197.5
32302,3818283.2
32303,8128621.0
32304,4571625.0
32305,3443349.2
32306,8869897.0
32307,7990785.0
32308,4072201.2
32309,10403252.0
32310,5549089.5
32311,19926218.0
32312,14294632.0
32313,13842496.0
32314,2886925.8
32315,6290009.0
32316,14976620.0
32317,5455532.0
32318,5188473.0
32319,5476813.5
32320,4184337.5
32321,7214955.0
32322,6700307.5
32323,6331233.0
32324,3987502.8
32325,14804282.0
32326,5532435.5
32327,4056139.0
32328,24260242.0
32329,8218554.0
32330,3439687.5
32331,4104275.0
32332,5783520.0
32333,5606317.5
32334,5067116.5
32335,5822767.5
32336,5022407.0
32337,6977666.0
32338,3175548.2
32339,4990797.5
32340,5102767.0
32341,3551819.0
32342,5292723.5
32343,11774072.0
32344,6966052.5
32345,1836713.9
32346,6556374.0
32347,5228454.5
32348,7901490.0
32349,4819505.5
32350,8265197.0
32351,5139566.5
32352,5711653.0
32353,4166779.0
32354,6331117.5
32355,2985299.2
32356,5264242.0
32357,4879404.0
32358,5121758.0
32359,7772403.0
32360,5782975.5
32361,3099276.0
32362,2931782.2
32363,4433965.0
32364,24480014.0
32365,6150322.0
32366,2306363.5
32367,3953191.8
32368,5911400.5
32369,5837527.5
32370,3487354.0
32371,4139287.0
32372,8315986.5
32373,5657847.0
32374,4314303.5
32375,4224933.0
32376,3844947.8
32377,18105208.0
32378,4615239.5
32379,5348439.0
32380,5494510.0
32381,6983571.0
32382,12450228.0
32383,6350062.5
32384,6735321.5
32385,6270553.0
32386,3597258.0
32387,12280745.0
32388,18554346.0
32389,2642829.8
32390,2184403.2
32391,29973012.0
32392,5272161.0
32393,5485763.5
32394,4283486.5
32395,12011987.0
32396,5126845.5
32397,9212082.0
32398,8799439.0
32399,15570394.0
32400,25614592.0
32401,7675003.5
32402,3582770.0
32403,13878654.0
32404,6811427.5
32405,6238963.0
32406,5408271.0
32407,4660049.0
32408,9720242.0
32409,6973280.0
32410,8025075.5
32411,7772275.0
32412,3656276.0
32413,3794506.2
32414,6119178.0
32415,5162275.0
32416,4586377.0
32417,5662698.5
32418,4721104.0
32419,9871390.0
32420,6098135.5
32421,5139566.5
32422,5282705.5
32423,8355670.5
32424,4994191.5
32425,10644730.0
32426,4446646.5
32427,2500158.5
32428,5647226.0
32429,5093824.5
32430,6041077.0
32431,4725515.0
32432,3348754.0
32433,9757826.0
32434,4322146.5
32435,6307959.0
32436,3530350.5
32437,6870747.0
32438,4244056.0
32439,5318040.5
32440,8963996.0
32441,7361015.0
32442,13097411.0
32443,4634036.0
32444,4176944.5
32445,8871464.0
32446,6348847.0
32447,6516617.0
32448,13653770.0
32449,7695408.5
32450,11589531.0
32451,12998915.0
32452,9846770.0
32453,6305604.0
32454,5102250.5
32455,6264467.5
32456,12419679.0
32457,11677628.0
32458,5023829.5
32459,4034206.5
32460,3473669.8
32461,7627766.5
32462,4600132.0
32463,3475924.8
32464,4779841.5
32465,4376557.0
32466,6820427.0
32467,6642162.5
32468,6811427.5
32469,3613128.2
32470,12379627.0
32471,7377416.0
32472,3841763.2
32473,9730121.0
32474,9713804.0
32475,5031473.0
32476,10009185.0
32477,7061741.0
32478,5463723.5
32479,8929252.0
32480,4301270.0
32481,4794863.5
32482,3457722.2
32483,5669993.5
32484,8540338.0
32485,7343963.5
32486,4329774.5
32487,5059743.5
32488,5006785.0
32489,5615540.0
32490,3099276.0
32491,18105208.0
32492,4050993.5
32493,5247065.0
32494,14159638.0
32495,5166785.5
32496,4345385.5
32497,6479892.0
32498,3800384.8
32499,4731725.5
32500,19926218.0
32501,8932179.0
32502,5630460.0
32503,8970283.0
32504,5028582.5
32505,7791184.5
32506,6009013.5
32507,4994191.5
32508,18399780.0
32509,2097997.2
32510,13532832.0
32511,2692097.0
32512,8764605.0
32513,4653927.5
32514,6843247.5
32515,3597552.8
32516,3066252.0
32517,8987504.0
32518,5028582.5
32519,5693749.0
32520,2355826.8
32521,8403538.0
32522,9270520.0
32523,3651781.0
32524,4329774.5
32525,4007999.5
32526,4123555.8
32527,5750630.5
32528,5065769.0
32529,9136359.0
32530,6067949.0
32531,7888445.0
32532,7018963.5
32533,5306784.0
32534,6826667.5
32535,5082316.5
32536,4540313.5
32537,4423098.5
32538,6026882.0
32539,5309044.5
32540,5085608.0
32541,3928446.5
32542,7116802.5
32543,18687412.0
32544,4549738.0
32545,5184582.5
32546,4659537.0
32547,4884661.5
32548,5781135.0
32549,4158204.2
32550,8290444.5
32551,5917023.5
32552,5067964.0
32553,4003485.2
32554,17804946.0
32555,3916825.0
32556,4517471.5
32557,3732043.8
32558,6037192.0
32559,5736102.5
32560,3960299.8
32561,6418168.5
32562,8487130.0
32563,3091646.8
32564,2419737.0
32565,3635971.2
32566,3746695.5
32567,5117141.5
32568,6040932.0
32569,4280489.0
32570,4471420.0
32571,7279700.0
32572,3227246.2
32573,5333034.0
32574,6908610.0
32575,9914091.0
32576,5610829.0
32577,4625625.5
32578,4665944.0
32579,7631443.0
32580,4751766.5
32581,4575203.0
32582,5911654.0
32583,4737142.0
32584,2591743.8
32585,3568226.2
32586,4677133.5
32587,3430568.0
32588,8672714.0
32589,4938452.0
32590,6664177.5
32591,2574493.5
32592,4612429.0
32593,5055377.5
32594,6712194.0
32595,8476755.0
32596,4201453.5
32597,14629248.0
32598,5441371.5
32599,4642344.5
32600,4562141.0
32601,6294847.0
32602,5375143.0
32603,3981070.8
32604,8884981.0
32605,5772396.0
32606,5594327.0
32607,4744476.0
32608,3535586.2
32609,5029004.5
32610,10964545.0
32611,4987327.5
32612,5195153.5
32613,14653400.0
32614,4087276.2
32615,4145795.8
32616,8670098.0
32617,4851562.0
32618,6651932.0
32619,4257055.5
32620,4900909.0
32621,5321510.5
32622,3475365.8
32623,3057789.5
32624,3981381.5
32625,2965042.2
32626,8424870.0
32627,3694903.2
32628,9655545.0
32629,4992539.5
32630,4222512.0
32631,3751419.2
32632,4823422.0
32633,3836494.0
32634,19924160.0
32635,7731233.0
32636,4652050.0
32637,4582698.0
32638,6479717.5
32639,21121376.0
32640,6179138.0
32641,7153848.5
32642,6093435.5
32643,5622975.0
32644,5256252.0
32645,7921485.0
32646,3254045.0
32647,7528767.0
32648,5108980.5
32649,6013479.0
32650,10921969.0
32651,4954533.5
32652,4166779.0
32653,12237515.0
32654,8110117.5
32655,5620554.0
32656,4493764.5
32657,5904596.0
32658,6160553.0
32659,28937236.0
32660,11389362.0
32661,6783920.0
32662,11681054.0
32663,4348121.0
32664,17706524.0
32665,4440215.5
32666,3843226.2
32667,4932464.5
32668,3754903.0
32669,2507602.0
32670,6635017.5
32671,6832761.5
32672,6871440.0
32673,4511242.0
32674,3940414.0
32675,4591200.0
32676,5203424.0
32677,5586811.5
32678,5353302.0
32679,3475924.8
32680,2626686.0
32681,6677092.0
32682,6400864.0
32683,2647615.5
32684,25608708.0
32685,24188598.0
32686,8262873.5
32687,6916359.0
32688,4104275.0
32689,14512174.0
32690,11813408.0
32691,6133021.0
32692,21028362.0
32693,7002557.5
32694,8331242.0
32695,4559876.0
32696,6809540.0
32697,6966618.0
32698,12924776.0
32699,4156058.8
32700,6134890.0
32701,6815005.0
32702,6246855.5
32703,11044477.0
32704,6093413.0
32705,12784459.0
32706,5666398.0
32707,6912120.0
32708,3596500.5
32709,4896496.5
32710,3224547.0
32711,14257072.0
32712,11071198.0
32713,19978276.0
32714,6248391.5
32715,2760397.2
32716,18501288.0
32717,7620802.5
32718,5169578.5
32719,6943573.5
32720,2797085.5
32721,13219349.0
32722,4489554.0
32723,6223145.5
32724,5934232.0
32725,4563969.0
32726,4326923.0
32727,10942299.0
32728,7791094.5
32729,12023704.0
32730,5474442.0
32731,5066045.5
32732,5849245.0
32733,12906716.0
32734,6493020.5
32735,2182246.2
32736,14159638.0
32737,9205509.0
32738,9954915.0
32739,3395673.2
32740,3760024.0
32741,20599882.0
32742,2097997.2
32743,8435605.0
32744,3735640.2
32745,2949893.5
32746,4687461.0
32747,47688908.0
32748,3115766.8
32749,9500549.0
32750,4942127.0
32751,8060895.5
32752,3673623.0
32753,4847990.5
32754,4025294.5
32755,2017372.1
32756,6030447.0
32757,22571490.0
32758,5027391.0
32759,4527232.0
32760,25458654.0
32761,12318552.0
32762,6373368.5
32763,3834540.8
32764,3693910.0
32765,12585820.0
32766,4818485.5
32767,5651143.5
32768,6231377.5
32769,3613128.2
32770,3475924.8
32771,6858805.5
32772,5193478.0
32773,12756309.0
32774,3629504.2
32775,5255110.0
32776,7138972.0
32777,14676452.0
32778,5767081.5
32779,8102310.0
32780,3339086.2
32781,5772396.0
32782,4848421.5
32783,5818042.0
32784,6426564.0
32785,9905395.0
32786,14976620.0
32787,6580409.5
32788,7506912.0
32789,4540455.5
32790,11476872.0
32791,6352975.0
32792,4917502.0
32793,8375911.5
32794,6615390.5
32795,10794422.0
32796,9310726.0
32797,4193039.8
32798,14804282.0
32799,10895236.0
32800,7337115.0
32801,14159638.0
32802,4742649.5
32803,6090121.5
32804,4371091.0
32805,9858686.0
32806,5321910.5
32807,3286655.5
32808,3713105.5
32809,5782754.0
32810,4262665.0
32811,4252590.0
32812,12850591.0
32813,5457200.5
32814,7136351.5
32815,4666254.5
32816,12502943.0
32817,4480817.0
32818,5337782.0
32819,5378302.5
32820,4312569.5
32821,14613418.0
32822,5875901.0
32823,7638717.5
32824,3527270.2
32825,8884981.0
32826,4398191.0
32827,6690673.0
32828,8616185.0
32829,4250856.5
32830,4858230.5
32831,4099148.8
32832,4224933.0
32833,43264880.0
32834,18031394.0
32835,4916132.5
32836,5545015.5
32837,3197294.0
32838,8169030.0
32839,4166779.0
32840,4994191.5
32841,3394751.5
32842,5149232.5
32843,5149261.5
32844,3825392.0
32845,11304969.0
32846,5285037.0
32847,4523868.0
32848,4542887.5
32849,3341382.8
32850,4513137.0
32851,5332887.0
32852,5702495.5
32853,4688209.5
32854,4639607.0
32855,6948983.0
32856,3475924.8
32857,7095197.5
32858,10164393.0
32859,2825772.8
32860,3582210.0
32861,14668409.0
32862,4805783.5
32863,6436001.5
32864,6526044.5
32865,5713552.0
32866,5778671.0
32867,4554338.0
32868,3427623.2
32869,5256391.0
32870,5272496.0
32871,4582698.0
32872,5063672.0
32873,5810462.0
32874,8147722.5
32875,3848836.0
32876,4328617.5
32877,6125873.5
32878,6115720.0
32879,6688990.0
32880,5111181.0
32881,4408784.5
32882,14012602.0
32883,6073702.5
32884,5790149.0
32885,6032783.5
32886,2893772.0
32887,12174147.0
32888,2786950.0
32889,6870143.5
32890,4829008.0
32891,4166779.0
32892,3713624.5
32893,5823839.5
32894,7337115.0
32895,3297079.0
32896,4526148.5
32897,8327408.5
32898,5444950.0
32899,3401985.0
32900,17797008.0
32901,6452461.0
32902,3726975.5
32903,4398922.5
32904,5028582.5
32905,5349608.5
32906,6777343.5
32907,4869396.0
32908,5575734.5
32909,3856105.8
32910,8053177.5
32911,8021564.0
32912,6125873.5
32913,5816380.5
32914,13986682.0
32915,6236824.0
32916,11233288.0
32917,3737869.0
32918,4568577.0
32919,3987990.5
32920,6463120.0
32921,10905861.0
32922,18708282.0
32923,6152057.0
32924,4992995.5
32925,3613128.2
32926,4735570.5
32927,3894161.2
32928,6569161.0
32929,7255530.5
32930,8673617.0
32931,11071198.0
32932,4166779.0
32933,10995899.0
32934,5535729.5
32935,4789001.5
32936,3467269.2
32937,5934232.0
32938,5431465.5
32939,9247546.0
32940,6424363.5
32941,3928568.8
32942,4995303.5
32943,15225699.0
32944,6772718.0
32945,3475924.8
32946,6920024.0
32947,6520096.0
32948,6843247.5
32949,4443313.5
32950,14676452.0
32951,6630453.5
32952,5732988.0
32953,4813228.0
32954,13355376.0
32955,4445268.5
32956,6248391.5
32957,4612998.5
32958,6071494.0
32959,5149536.5
32960,5383241.0
32961,5561090.0
32962,3739964.2
32963,5753218.0
32964,10161989.0
32965,5507183.0
32966,3914743.0
32967,9064392.0
32968,2531220.2
32969,6059347.0
32970,5735511.5
32971,14676452.0
32972,2577948.0
32973,9571513.0
32974,13496253.0
32975,5272694.0
32976,4065585.0
32977,8326394.5
32978,4174860.5
32979,3613128.2
32980,3891138.5
32981,3272228.2
32982,5326522.5
32983,5040784.5
32984,10781902.0
32985,6096016.0
32986,6129267.0
32987,4960306.0
32988,4454987.5
32989,8884582.0
32990,6785979.0
32991,3852885.8
32992,4799972.5
32993,7307926.5
32994,4750357.0
32995,6008452.0
32996,6105009.5
32997,6588269.5
32998,4854649.0
32999,2063871.8
33000,3613128.2
33001,5356700.5
33002,4593338.5
33003,4292450.0
33004,13359677.0
33005,4874403.5
33006,4584701.0
33007,9753906.0
33008,5103128.5
33009,5832362.5
33010,5476962.5
33011,6635302.5
33012,3990984.0
33013,5748721.0
33014,14494290.0
33015,4675721.0
33016,6481170.0
33017,3782573.2
33018,13863901.0
33019,4058592.2
33020,1729271.1
33021,11753510.0
33022,4335548.0
33023,6734702.5
33024,4507675.5
33025,4485713.0
33026,8848145.0
33027,6617162.5
33028,8946819.0
33029,5470878.5
33030,5362075.5
33031,4690396.0
33032,16602561.0
33033,5934232.0
33034,14090914.0
33035,6072815.0
33036,4440215.5
33037,4391722.5
33038,7667531.5
33039,4885870.0
33040,4319781.0
33041,3504156.5
33042,3718534.5
33043,4805877.5
33044,4453725.5
33045,27348656.0
33046,12720859.0
33047,7573967.0
33048,6158189.0
33049,7663245.0
33050,5254546.0
33051,4747199.5
33052,4481174.0
33053,3413242.5
33054,8324043.0
33055,6265497.0
33056,5104792.5
33057,7360713.5
33058,5831608.0
33059,5599260.0
33060,14804282.0
33061,5510748.5
33062,4842050.0
33063,4509088.5
33064,53603804.0
33065,5268823.5
33066,5418579.0
33067,3099276.0
33068,9839869.0
33069,3127072.0
33070,7356822.0
33071,9249233.0
33072,7679098.5
33073,4543402.5
33074,6127753.0
33075,5848207.5
33076,4555252.0
33077,11055687.0
33078,4996447.0
33079,5322026.0
33080,11934667.0
33081,4336779.5
33082,6983243.5
33083,5951510.0
33084,4376649.5
33085,4677133.5
33086,3108989.8
33087,4273942.0
33088,3794506.2
33089,8225944.5
33090,5000091.5
33091,20747654.0
33092,3439687.5
33093,4437653.0
33094,4695277.0
33095,8134815.5
33096,3794308.2
33097,2830182.2
33098,7789477.5
33099,5817499.5
33100,7827433.0
33101,4590997.5
33102,9713804.0
33103,3580530.2
33104,14159638.0
33105,6411296.0
33106,7683186.5
33107,3041914.5
33108,6129733.5
33109,2650980.5
33110,9455757.0
33111,4676503.5
33112,4769184.0
33113,11222506.0
33114,4624023.0
33115,4770935.0
33116,7006973.0
33117,7357493.0
33118,7109322.5
33119,9730121.0
33120,8839698.0
33121,5128870.5
33122,3551621.8
33123,4527435.5
33124,4389504.0
33125,3476793.2
33126,9133224.0
33127,3426245.5
33128,4951394.0
33129,18105208.0
33130,5014789.5
33131,5232715.5
33132,8446762.0
33133,5141958.0
33134,21028362.0
33135,8539048.0
33136,14528591.0
33137,10931566.0
33138,4654374.0
33139,6008659.5
33140,4677133.5
33141,7944566.5
33142,4548512.0
33143,5373917.0
33144,71186740.0
33145,4208180.0
33146,45927350.0
33147,4335548.0
33148,5806409.5
33149,5212449.0
33150,19130440.0
33151,5514926.0
33152,6223145.5
33153,4571910.0
33154,7365223.5
33155,3330006.8
33156,4120451.2
33157,9684164.0
33158,6538496.0
33159,6843247.5
33160,14804282.0
33161,4559409.5
33162,4747170.5
33163,4408784.5
33164,8557256.0
33165,6237173.0
33166,20747654.0
33167,7923157.5
33168,7797292.0
33169,5101282.5
33170,3739718.8
33171,4445268.5
33172,5253484.0
33173,5361235.5
33174,6111058.5
33175,4927076.0
33176,4676774.5
33177,4679681.5
33178,4343136.5
33179,5524342.0
33180,14676452.0
33181,11277203.0
33182,5820644.5
33183,4276384.0
33184,2778164.0
33185,7369430.5
33186,6963195.0
33187,8071076.0
33188,6526936.5
33189,5665619.5
33190,3880035.5
33191,15566596.0
33192,3066252.0
33193,12208584.0
33194,5656351.5
33195,6334483.5
33196,16091374.0
33197,6425371.5
33198,12456723.0
33199,4419149.5
33200,4253700.5
33201,4060077.0
33202,5285037.0
33203,4624312.5
33204,10791573.0
33205,3603533.8
33206,4135095.8
33207,5526493.0
33208,6132254.5
33209,3798207.8
33210,4252552.5
33211,8884548.0
33212,12892201.0
33213,2746094.2
33214,5666398.0
33215,4677133.5
33216,3475924.8
33217,5012590.5
33218,4883772.5
33219,4689536.0
33220,4523687.0
33221,5774624.5
33222,4550270.5
33223,4189378.2
33224,5123373.5
33225,7575078.5
33226,730252.75
33227,4759096.0
33228,4543402.5
33229,2618601.2
33230,12423951.0
33231,6966618.0
33232,4361608.5
33233,3429707.2
33234,19926218.0
33235,7285531.0
33236,4188444.5
33237,10361743.0
33238,5430126.5
33239,5042336.0
33240,4841119.5
33241,4147929.8
33242,4924437.5
33243,8039313.5
33244,17444462.0
33245,4457027.5
33246,11301505.0
33247,4420702.5
33248,6044919.5
33249,4868863.0
33250,6620789.5
33251,5384228.0
33252,5231481.5
33253,3065805.2
33254,5828134.5
33255,14853211.0
33256,6871440.0
33257,5362117.0
33258,4504519.5
33259,5442099.0
33260,6713403.0
33261,4381355.0
33262,15379810.0
33263,6769070.5
33264,4042345.5
33265,5140039.0
33266,13563555.0
33267,7526514.5
33268,5328890.0
33269,5986500.0
33270,5105506.0
33271,4769090.0
33272,5894487.0
33273,4009108.0
33274,8800859.0
33275,6617162.5
33276,5536236.5
33277,8950652.0
33278,4626099.5
33279,8483731.0
33280,6478310.0
33281,5494771.5
33282,7966772.5
33283,4749672.5
33284,2974992.5
33285,4642488.5
33286,4552733.5
33287,4690396.0
33288,9310726.0
33289,5488323.5
33290,6478310.0
33291,5145478.0
33292,25460100.0
33293,4647182.5
33294,11233911.0
33295,4082672.0
33296,8882320.0
33297,4656343.5
33298,3513722.2
33299,7172367.0
33300,5203481.0
33301,2622198.2
33302,4883111.0
33303,3349708.0
33304,6459943.5
33305,3666086.8
33306,3739718.8
33307,5544748.0
33308,16348167.0
33309,15670752.0
33310,6165649.5
33311,4376715.5
33312,5682133.5
33313,6799164.0
33314,8585510.0
33315,11844883.0
33316,4624023.0
33317,6275790.0
33318,6910223.0
33319,9313557.0
33320,4937371.5
33321,5781944.0
33322,5943005.5
33323,4389504.0
33324,5964305.0
33325,5252471.0
33326,4935149.5
33327,17175626.0
33328,4692853.0
33329,3237757.0
33330,6248857.5
33331,6501029.5
33332,6949159.0
33333,6343070.0
33334,14159638.0
33335,15228578.0
33336,5619635.5
33337,2830182.2
33338,3927155.0
33339,5027947.5
33340,3316116.5
33341,5931703.0
33342,3697822.0
33343,4080125.2
33344,5132865.0
33345,3272228.2
33346,5001685.5
33347,6171186.5
33348,5799657.0
33349,5620554.0
33350,4240774.5
33351,4029605.5
33352,5895054.0
33353,4629927.5
33354,14341972.0
33355,4403280.0
33356,3435670.5
33357,8476593.0
33358,5321995.0
33359,4302830.0
33360,3862530.0
33361,3798685.2
33362,5941756.0
33363,4319781.0
33364,3725752.8
33365,10497836.0
33366,3803375.0
33367,9304501.0
33368,11037941.0
33369,4095984.0
33370,5726992.0
33371,6655781.5
33372,4166779.0
33373,4991199.5
33374,7604828.0
33375,13391209.0
33376,6221379.5
33377,4376245.5
33378,3041914.5
33379,5689358.5
33380,6981463.0
33381,4988423.0
33382,11071198.0
33383,6004461.0
33384,4042345.5
33385,5356000.0
33386,9383065.0
33387,5882720.5
33388,6094732.5
33389,5575570.0
33390,5832072.5
33391,6181841.0
33392,8946819.0
33393,3099276.0
33394,4428714.0
33395,4730048.0
33396,3900222.2
33397,7241398.5
33398,5669970.5
33399,7061206.0
33400,3438199.5
33401,6074479.0
33402,10010866.0
33403,6100188.0
33404,5129746.5
33405,5359163.5
33406,10904274.0
33407,5544797.0
33408,11243522.0
33409,12948813.0
33410,4344960.5
33411,2874533.8
33412,6760218.5
33413,16682524.0
33414,3939373.5
33415,2920470.2
33416,3981070.8
33417,6214325.5
33418,4568577.0
33419,3726116.0
33420,10950060.0
33421,4205337.0
33422,3916825.0
33423,8694543.0
33424,2797085.5
33425,8724287.0
33426,4949807.5
33427,8802917.0
33428,4636859.5
33429,7729284.0
33430,3725752.8
33431,5251331.5
33432,7791184.5
33433,6568215.5
33434,6903006.0
33435,5359163.5
33436,6479892.0
33437,4316926.5
33438,3713105.5
33439,12144420.0
33440,4703270.5
33441,6599725.5
33442,4540313.5
33443,10093171.0
33444,10237847.0
33445,9527456.0
33446,5193168.5
33447,9304347.0
33448,5825026.5
33449,9518594.0
33450,7152374.5
33451,7273553.5
33452,4166779.0
33453,6241496.0
33454,7791184.5
33455,2642829.8
33456,9832800.0
33457,5360503.0
33458,4589903.5
33459,3330006.8
33460,3707105.8
33461,5682133.5
33462,18777726.0
33463,4675721.0
33464,11224695.0
33465,7042665.5
33466,7073350.0
33467,4273942.0
33468,4393858.5
33469,4437653.0
33470,16796422.0
33471,5260225.5
33472,6350217.5
33473,8446026.0
33474,4757801.5
33475,5092888.5
33476,5530363.5
33477,11754410.0
33478,5139566.5
33479,11739026.0
33480,4433965.0
33481,7791184.5
33482,4100658.0
33483,7073350.0
33484,10377077.0
33485,24685968.0
33486,4310890.5
33487,4690396.0
33488,5049507.5
33489,6695701.0
33490,5639402.0
33491,5978944.5
33492,4480454.0
33493,5157356.0
33494,9176123.0
33495,11071198.0
33496,13828531.0
33497,7146453.0
33498,7250096.5
33499,14047319.0
33500,6478310.0
33501,12971292.0
33502,19842974.0
33503,48471550.0
33504,5294238.0
33505,3672251.5
33506,5655666.5
33507,8939535.0
33508,4528626.5
33509,6553571.0
33510,4426924.5
33511,10628945.0
33512,6752422.5
33513,6540040.5
33514,4829017.5
33515,4786478.5
33516,4389321.0
33517,3623320.2
33518,3254977.5
33519,5139566.5
33520,5440263.5
33521,4699181.0
33522,4503041.0
33523,3455743.2
33524,6307704.0
33525,11290160.0
33526,3977890.2
33527,10738568.0
33528,4330096.0
33529,5536949.5
33530,7789477.5
33531,16903644.0
33532,5974634.0
33533,5403062.0
33534,6109717.0
33535,4944090.0
33536,5246229.0
33537,3475924.8
33538,2845182.2
33539,17366038.0
33540,11690834.0
33541,4155430.8
33542,5641120.5
33543,15218671.0
33544,10866776.0
33545,7926112.0
33546,8974368.0
33547,20042834.0
33548,4677133.5
33549,4787297.0
33550,4176102.2
33551,4431778.5
33552,10027146.0
33553,5373006.0
33554,29759634.0
33555,5556747.0
33556,4978091.0
33557,16425637.0
33558,12530191.0
33559,3615081.2
33560,9060086.0
33561,5594894.5
33562,8419603.0
33563,5154507.5
33564,5237116.0
33565,9356912.0
33566,17959086.0
33567,9029320.0
33568,5139566.5
33569,3179600.0
33570,10951018.0
33571,3066252.0
33572,5446556.0
33573,5080419.0
33574,5937984.5
33575,5209782.5
33576,4335451.0
33577,3240148.0
33578,7182019.0
33579,5818769.0
33580,4741105.0
33581,4185912.0
33582,3597258.0
33583,28937236.0
33584,5939324.0
33585,6859156.5
33586,17804946.0
33587,4735157.5
33588,4993986.0
33589,4759990.5
33590,4471420.0
33591,16591635.0
33592,8227810.5
33593,4384977.5
33594,5610658.5
33595,7455637.5
33596,3794506.2
33597,6473627.5
33598,9247546.0
33599,3475924.8
33600,4565201.0
33601,7964780.0
33602,12485896.0
33603,21250086.0
33604,11242389.0
33605,4329774.5
33606,6129198.5
33607,4883111.0
33608,4977467.5
33609,9131766.0
33610,4158324.8
33611,6542383.5
33612,2225163.2
33613,5431560.5
33614,5139566.5
33615,10237351.0
33616,4850264.0
33617,5573840.5
33618,16524458.0
33619,10591238.0
33620,3272228.2
33621,9131766.0
33622,3990984.0
33623,5127287.5
33624,3794223.2
33625,6134505.5
33626,14215804.0
33627,9905395.0
33628,6751943.5
33629,6236445.5
33630,4662174.5
33631,5832305.5
33632,5134414.0
33633,18317118.0
33634,3901956.0
33635,7368889.0
33636,5327211.5
33637,9591487.0
33638,10838675.0
33639,10483006.0
33640,5154534.0
33641,4346334.5
33642,7235643.0
33643,9208704.0
33644,2797380.0
33645,3858059.8
33646,12301668.0
33647,5383241.0
33648,12428067.0
33649,20034692.0
33650,3876503.8
33651,6896418.5
33652,5055796.0
33653,7304506.0
33654,4990484.5
33655,5169144.5
33656,6012608.5
33657,6099184.5
33658,5557638.5
33659,5064117.5
33660,3218934.0
33661,3793644.2
33662,5979860.5
33663,13650725.0
33664,9131766.0
33665,5732269.5
33666,12418175.0
33667,3712095.8
33668,3763852.2
33669,3099276.0
33670,7267153.0
33671,7277271.5
33672,4674720.0
33673,9375877.0
33674,5614574.5
33675,7351945.0
33676,3512271.2
33677,4747170.5
33678,6439514.0
33679,26137500.0
33680,6278033.0
33681,6407508.5
33682,5074176.5
33683,5059125.5
33684,3218934.0
33685,4677133.5
33686,4994750.0
33687,8829435.0
33688,2500142.2
33689,3490279.0
33690,4449384.5
33691,5481466.0
33692,4700705.5
33693,4224933.0
33694,6833981.0
33695,4612998.5
33696,6966618.0
33697,4719059.0
33698,5482102.5
33699,4653927.5
33700,6457491.5
33701,5582572.5
33702,7351945.0
33703,3443349.2
33704,7467286.0
33705,4833280.5
33706,5229527.5
33707,5122796.5
33708,13894786.0
33709,3339086.2
33710,5231481.5
33711,5014239.5
33712,6009013.5
33713,11138982.0
33714,8003445.0
33715,3066252.0
33716,5530171.0
33717,11194001.0
33718,4746404.5
33719,7582586.0
33720,6636197.5
33721,15346164.0
33722,14061214.0
33723,13831353.0
33724,4440215.5
33725,5413892.0
33726,4184629.0
33727,4533373.5
33728,7384196.5
33729,14137024.0
33730,4523226.5
33731,4337785.0
33732,5130699.5
33733,7666287.0
33734,4787297.0
33735,14186040.0
33736,5955993.5
33737,5102767.0
33738,4108698.0
33739,7005653.5
33740,4574505.0
33741,18476448.0
33742,9730121.0
33743,5524342.0
33744,11071198.0
33745,6280548.5
33746,6373368.5
33747,14821875.0
33748,5224794.0
33749,3764704.5
33750,4413417.0
33751,6229604.5
33752,4690977.5
33753,4994263.0
33754,7058079.5
33755,14215804.0
33756,6682039.5
33757,3317463.8
33758,8290927.0
33759,4009108.0
33760,9926459.0
33761,3503536.0
33762,3582770.0
33763,6248391.5
33764,6959817.5
33765,3964513.8
33766,4434071.5
33767,11759946.0
33768,10078293.0
33769,3993491.8
33770,9356838.0
33771,3813942.5
33772,9060086.0
33773,9906986.0
33774,4795254.0
33775,19335506.0
33776,9135989.0
33777,8312340.0
33778,5205061.0
33779,4169825.0
33780,5505544.5
33781,4445268.5
33782,5524204.0
33783,4440215.5
33784,28937236.0
33785,6690673.0
33786,17723474.0
33787,10590984.0
33788,3384905.5
33789,5882569.5
33790,5981278.5
33791,5857009.0
33792,12656540.0
33793,9713804.0
33794,6892711.5
33795,8626903.0
33796,5546406.5
33797,5516087.0
33798,4677133.5
33799,6871849.5
33800,6809252.5
33801,5309911.0
33802,5303774.0
33803,3894161.2
33804,8223724.0
33805,3390892.2
33806,9873995.0
33807,4759990.5
33808,15798427.0
33809,4690396.0
33810,12997087.0
33811,5154934.0
33812,4677133.5
33813,3960160.5
33814,5222391.0
33815,6365584.0
33816,4324801.0
33817,8010623.5
33818,1838169.8
33819,5403062.0
33820,4690396.0
33821,5512628.5
33822,5262436.0
33823,13623153.0
33824,5659084.0
33825,8145267.0
33826,4156058.8
33827,7193154.5
33828,5536619.0
33829,16181863.0
33830,8993236.0
33831,8752844.0
33832,3475924.8
33833,3790175.5
33834,4204485.5
33835,9270520.0
33836,3961594.5
33837,13491389.0
33838,5229136.0
33839,17444462.0
33840,4994191.5
33841,4985990.5
33842,4912946.0
33843,5432979.5
33844,2584883.2
33845,3927155.0
33846,5215501.0
33847,5204214.0
33848,6075448.0
33849,3490279.0
33850,20077054.0
33851,5259052.0
33852,5077762.5
33853,4885398.0
33854,2355826.8
33855,13903198.0
33856,28937236.0
33857,6650593.5
33858,13317395.0
33859,6273109.5
33860,3914424.0
33861,4808730.5
33862,13631113.0
33863,7170602.5
33864,14420509.0
33865,4440215.5
33866,16122423.0
33867,2764304.8
33868,6037607.5
33869,4352462.5
33870,5222929.5
33871,5250532.0
33872,4740364.5
33873,2642829.8
33874,4373258.0
33875,6414605.5
33876,5172555.0
33877,4856428.0
33878,6599738.0
33879,14159638.0
33880,4273942.0
33881,11919121.0
33882,4392601.0
33883,8961672.0
33884,2897693.2
33885,6024402.5
33886,5018870.0
33887,4830167.5
33888,9852832.0
33889,12166182.0
33890,14162164.0
33891,4586715.5
33892,4678234.5
33893,9211717.0
33894,4510177.5
33895,13828531.0
33896,7759414.5
33897,3573141.5
33898,22014418.0
33899,6241202.0
33900,6019412.0
33901,17727348.0
33902,11468914.0
33903,6108159.0
33904,6086445.5
33905,3751779.2
33906,4344960.5
33907,3837572.2
33908,5479769.5
33909,3799353.8
33910,28937236.0
33911,4185132.8
33912,4166779.0
33913,2938340.2
33914,5426725.0
33915,7680808.0
33916,3803375.0
33917,5378364.5
33918,6174976.5
33919,3068487.2
33920,4523906.0
33921,4046604.8
33922,3166097.8
33923,4261153.0
33924,6552838.5
33925,10122240.0
33926,4769425.0
33927,3376257.2
33928,4176102.2
33929,4812321.5
33930,67858650.0
33931,4348178.5
33932,5282705.5
33933,8836351.0
33934,3415317.5
33935,4858368.5
33936,5044383.5
33937,9977896.0
33938,4154174.8
33939,17804030.0
33940,11499035.0
33941,5368343.5
33942,4533373.5
33943,4134380.8
33944,4142554.2
33945,5108619.5
33946,6105404.0
33947,13731017.0
33948,6130041.0
33949,4268986.5
33950,4611006.0
33951,4996289.0
33952,6089783.5
33953,2477846.8
33954,4831020.0
33955,2776586.5
33956,8961672.0
33957,9882468.0
33958,6635739.0
33959,11367119.0
33960,7093364.5
33961,5897600.5
33962,6031208.5
33963,8629872.0
33964,6141700.5
33965,11538568.0
33966,4598875.0
33967,4757261.5
33968,4642344.5
33969,14215804.0
33970,9224098.0
33971,4509088.5
33972,3374737.2
33973,4139696.0
33974,6861061.5
33975,4246026.0
33976,5146600.0
33977,2432551.0
33978,8053511.5
33979,4886841.0
33980,4928726.0
33981,3752644.0
33982,6290545.0
33983,3946107.2
33984,10499377.0
33985,5747399.0
33986,9060086.0
33987,8125030.0
33988,15821599.0
33989,6668085.5
33990,3725752.8
33991,5028582.5
33992,16354219.0
33993,3914743.0
33994,7108057.0
33995,6461779.0
33996,13454852.0
33997,6023899.0
33998,5565381.5
33999,5139566.5
34000,5116131.5
34001,7603047.5
34002,11428969.0
34003,5285735.0
34004,2715130.5
34005,4166779.0
34006,5530057.0
34007,3984588.5
34008,4995379.0
34009,5695567.0
34010,7489398.5
34011,9477248.0
34012,5153407.5
34013,4343249.5
34014,5014239.5
34015,5019932.5
34016,4352515.5
34017,4822120.5
34018,6110236.5
34019,17281402.0
34020,2950635.2
34021,4774736.5
34022,4226702.0
34023,5015972.5
34024,4994191.5
34025,3166097.8
34026,4780355.0
34027,6219649.5
34028,4198896.5
34029,7351945.0
34030,8654379.0
34031,6128903.0
34032,42825620.0
34033,4185510.0
34034,3527270.2
34035,4730520.0
34036,5432678.0
34037,5563855.0
34038,8481691.0
34039,5699995.0
34040,2582798.2
34041,7421121.5
34042,12011987.0
34043,5276320.0
34044,5682133.5
34045,21501420.0
34046,4143557.0
34047,7789477.5
34048,7548529.5
34049,4945918.0
34050,3475924.8
34051,16266144.0
34052,3828314.0
34053,6287230.0
34054,9477248.0
34055,5139566.5
34056,4453288.0
34057,4528712.0
34058,4136812.5
34059,4995188.0
34060,15099676.0
34061,6373368.5
34062,3195677.0
34063,5421202.0
34064,11793993.0
34065,6223124.5
34066,3322964.0
34067,5506840.0
34068,17804030.0
34069,4966472.5
34070,10764652.0
34071,4819315.0
34072,3289778.0
34073,5829507.0
34074,4667115.5
34075,22081154.0
34076,4690396.0
34077,7768122.0
34078,3218934.0
34079,5000091.5
34080,15424623.0
34081,3041914.5
34082,9077199.0
34083,13183994.0
34084,12474634.0
34085,13986682.0
34086,4755814.5
34087,5774827.5
34088,13867262.0
34089,4911114.0
34090,9397301.0
34091,9416187.0
34092,8025270.5
34093,5304956.0
34094,10926851.0
34095,3439687.5
34096,5107734.0
34097,4347299.0
34098,6258467.5
34099,4812321.5
34100,3882101.0
34101,5312493.5
34102,5262162.5
34103,5701996.5
34104,6798245.0
34105,12011987.0
34106,2712675.8
34107,3554809.0
34108,9968603.0
34109,8231565.0
34110,11675640.0
34111,4396281.0
34112,6008659.5
34113,12011987.0
34114,5299959.5
34115,5356932.5
34116,3841420.2
34117,11372645.0
34118,5006359.0
34119,4677133.5
34120,4640106.0
34121,5373977.0
34122,6654411.5
34123,9270520.0
34124,4622595.5
34125,14162164.0
34126,5984634.0
34127,5622193.0
34128,5772396.0
34129,10489541.0
34130,10998423.0
34131,7633566.0
34132,7079779.0
34133,19504564.0
34134,5719409.5
34135,6644941.0
34136,4901708.0
34137,12696187.0
34138,7073350.0
34139,19846194.0
34140,3613128.2
34141,5953460.0
34142,4333916.0
34143,4209841.0
34144,4224933.0
34145,13831353.0
34146,21028362.0
34147,6321240.0
34148,3911689.0
34149,9375281.0
34150,5186516.0
34151,8089773.5
34152,21812476.0
34153,4416540.5
34154,6802887.0
34155,6343694.5
34156,6405847.0
34157,4325916.0
34158,9131766.0
34159,3986951.2
34160,10077143.0
34161,8060814.5
34162,4786174.0
34163,7307926.5
34164,19177900.0
34165,4677133.5
34166,8923439.0
34167,10959920.0
34168,10956658.0
34169,3629504.2
34170,5579988.0
34171,7146484.0
34172,7899842.0
34173,4224933.0
34174,15105501.0
34175,5605936.5
34176,4856077.5
34177,2700994.2
34178,6429395.0
34179,11843229.0
34180,8702630.0
34181,12827200.0
34182,3156494.5
34183,5780269.0
34184,4279804.0
34185,6161830.5
34186,3995383.5
34187,6695505.5
34188,4595670.0
34189,8391144.0
34190,5400843.5
34191,3816776.8
34192,6720433.5
34193,2760397.2
34194,6073702.5
34195,15462640.0
34196,11622594.0
34197,5762496.5
34198,11275755.0
34199,6093413.0
34200,3694903.2
34201,8630971.0
34202,5670388.0
34203,5038013.5
34204,3990984.0
34205,5841581.5
34206,5985654.0
34207,4862781.0
34208,4965850.0
34209,6439114.0
34210,5281093.0
34211,6259340.5
34212,5231481.5
34213,5139566.5
34214,9959722.0
34215,14821875.0
34216,6641991.0
34217,7756098.0
34218,4308344.0
34219,4216570.5
34220,5272496.0
34221,4166779.0
34222,2582798.2
34223,9111750.0
34224,4168707.2
34225,5235482.0
34226,6093435.5
34227,4289912.5
34228,4166779.0
34229,4959746.0
34230,4816052.5
34231,4648926.0
34232,7396493.5
34233,6489205.5
34234,4886700.0
34235,4198033.5
34236,4398191.0
34237,9967795.0
34238,12401297.0
34239,4794558.5
34240,6644704.0
34241,6575839.0
34242,2893772.0
34243,4462295.5
34244,4858368.5
34245,2787110.8
34246,5101304.5
34247,5353648.5
34248,9720242.0
34249,6393610.0
34250,4336786.5
34251,14830467.0
34252,3977701.8
34253,5104792.5
34254,7807960.5
34255,30009802.0
34256,2439543.5
34257,10995557.0
34258,11828981.0
34259,3066252.0
34260,4246026.0
34261,5710614.0
34262,5388357.0
34263,9896370.0
34264,6715523.0
34265,7857906.0
34266,10243267.0
34267,5043591.0
34268,6201643.0
34269,8966404.0
34270,6550020.0
34271,4661321.0
34272,27675392.0
34273,3893879.8
34274,17102506.0
34275,4241549.5
34276,2182246.2
34277,5165420.0
34278,6339478.0
34279,7927662.0
34280,4669432.5
34281,12054066.0
34282,4994191.5
34283,5996255.5
34284,5249520.0
34285,13282415.0
34286,4621472.0
34287,5061151.5
34288,17804030.0
34289,4337232.0
34290,8086270.5
34291,4923682.0
34292,4166779.0
34293,12379627.0
34294,3317463.8
34295,10078874.0
34296,4665944.0
34297,5221837.0
34298,5923875.5
34299,10764000.0
34300,13423671.0
34301,5268449.0
34302,13219349.0
34303,5450694.0
34304,3878557.8
34305,6254784.0
34306,4158324.8
34307,9247571.0
34308,3663161.2
34309,4278068.0
34310,5259522.0
34311,5817717.0
34312,4867991.0
34313,5430069.0
34314,4605923.0
34315,5446864.0
34316,7356343.5
34317,6339273.5
34318,30009802.0
34319,5653692.0
34320,5216184.5
34321,6664326.5
34322,10838822.0
34323,6844066.0
34324,4751427.5
34325,5298011.5
34326,5646276.0
34327,5633486.5
34328,7803141.0
34329,6644704.0
34330,6415509.0
34331,11050462.0
34332,3181529.8
34333,9208402.0
34334,4139880.2
34335,16813722.0
34336,12756309.0
34337,4817546.0
34338,3785265.5
34339,5052028.0
34340,4893929.0
34341,9392687.0
34342,9064183.0
34343,3022435.5
34344,6096364.0
34345,10724970.0
34346,6488304.5
34347,5899243.0
34348,4166779.0
34349,5109476.0
34350,4127074.5
34351,5487023.5
34352,7034065.5
34353,13912168.0
34354,4857050.0
34355,5280479.5
34356,4313136.5
34357,3401985.0
34358,11243522.0
34359,5403062.0
34360,7219682.5
34361,5224663.5
34362,5045960.5
34363,5270066.0
34364,4703549.5
34365,3229718.0
34366,5429693.0
34367,7688849.0
34368,10095206.0
34369,10490674.0
34370,4909941.0
34371,4929614.0
34372,2957956.2
34373,5459395.0
34374,5442099.0
34375,4994191.5
34376,4653927.5
34377,7502802.5
34378,5294735.5
34379,3177234.0
34380,3638770.0
34381,6398346.5
34382,4612429.0
34383,3719250.0
34384,4190521.5
34385,9060086.0
34386,9905395.0
34387,9415856.0
34388,17643210.0
34389,5122636.5
34390,3995383.5
34391,6284943.0
34392,16207613.0
34393,11071198.0
34394,5480025.0
34395,6808761.0
34396,3135273.0
34397,3974221.8
34398,3967206.2
34399,7226857.5
34400,4386993.5
34401,5485763.5
34402,4261153.0
34403,13265032.0
34404,4701881.0
34405,5067643.5
34406,4582692.0
34407,5380012.0
34408,2976462.5
34409,8579393.0
34410,3891345.8
34411,3655300.5
34412,4261153.0
34413,6132414.0
34414,13878654.0
34415,10118819.0
34416,3218934.0
34417,4994750.0
34418,10037296.0
34419,7236567.5
34420,5663453.5
34421,8220183.5
34422,7162322.0
34423,2574493.5
34424,2113307.5
34425,4737762.5
34426,6917366.5
34427,8974368.0
34428,10146818.0
34429,5413892.0
34430,7212995.5
34431,2767578.0
34432,7514016.0
34433,5537955.0
34434,3882101.0
34435,3981392.2
34436,13386601.0
34437,4495061.0
34438,8142139.0
34439,7584063.0
34440,2182246.2
34441,24474686.0
34442,5563234.0
34443,3725752.8
34444,10956658.0
34445,5683219.0
34446,6265502.5
34447,5383638.0
34448,4586715.5
34449,16387563.0
34450,12450042.0
34451,19926218.0
34452,5435288.5
34453,4759990.5
34454,5146533.5
34455,3028216.8
34456,40004228.0
34457,10556158.0
34458,11268512.0
34459,4497073.5
34460,3439687.5
34461,2182246.2
34462,8713324.0
34463,5470152.5
34464,5662618.0
34465,5833360.5
34466,5543806.0
34467,7669611.5
34468,4279306.0
34469,6597950.5
34470,5271965.0
34471,4337126.5
34472,9905395.0
34473,7574079.5
34474,7553358.5
34475,6223231.0
34476,4382821.5
34477,6001088.0
34478,2705643.5
34479,6129646.5
34480,5482583.0
34481,7952464.0
34482,6129733.5
34483,8094215.5
34484,4677896.5
34485,4120451.2
34486,4886282.5
34487,6664177.5
34488,4755779.5
34489,14715476.0
34490,4664831.0
34491,6101683.5
34492,4649622.5
34493,3477973.8
34494,4319538.5
34495,4145795.8
34496,3335251.0
34497,5554105.5
34498,6290545.0
34499,5232661.5
34500,5990572.0
34501,12437156.0
34502,4677133.5
34503,13098080.0
34504,5130699.5
34505,5826173.5
34506,9578966.0
34507,6478310.0
34508,5258839.5
34509,3856675.2
34510,5732341.5
34511,6990048.5
34512,5224001.0
34513,5558530.5
34514,11616369.0
34515,7789477.5
34516,17888410.0
34517,5455888.0
34518,4099148.8
34519,4690396.0
34520,18105208.0
34521,20022758.0
34522,5517443.5
34523,6315831.5
34524,4298707.0
34525,8152695.5
34526,7318820.0
34527,11122932.0
34528,5453597.5
34529,3099276.0
34530,5931304.5
34531,5304956.0
34532,2748615.8
34533,5066453.0
34534,4923682.0
34535,9914378.0
34536,5154216.5
34537,5429733.5
34538,2991104.8
34539,8933547.0
34540,14366276.0
34541,7264061.5
34542,6740954.0
34543,6393610.0
34544,6275790.0
34545,4741034.0
34546,5647958.5
34547,10868996.0
34548,7587305.5
34549,5349516.0
34550,4589143.5
34551,8257413.0
34552,3954331.2
34553,13868016.0
34554,10190887.0
34555,5084100.5
34556,6143003.0
34557,5036477.0
34558,2486368.8
34559,5058170.0
34560,3403909.8
34561,16602561.0
34562,5843871.0
34563,4893929.0
34564,5575570.0
34565,6630453.5
34566,13000327.0
34567,11537969.0
34568,3818283.2
34569,17892740.0
34570,6138796.0
34571,4488139.0
34572,10621605.0
34573,8485947.0
34574,17474722.0
34575,46016590.0
34576,12120979.0
34577,4672878.5
34578,4573216.0
34579,10243267.0
34580,6812239.5
34581,7594655.0
34582,7351945.0
34583,5792965.5
34584,4099148.8
34585,11137333.0
34586,5393252.5
34587,2642829.8
34588,5113843.0
34589,5028228.0
34590,7073350.0
34591,20104290.0
34592,6868161.5
34593,7915307.0
34594,8974368.0
34595,14452135.0
34596,13923684.0
34597,12048850.0
34598,4389847.5
34599,2800872.8
34600,3708710.2
34601,665815.75
34602,5420522.5
34603,21820532.0
34604,3915843.8
34605,7667921.5
34606,4122144.5
34607,4989827.5
34608,3686233.0
34609,9713804.0
34610,4735023.5
34611,16691431.0
34612,11242389.0
34613,11243522.0
34614,4402438.0
34615,9272794.0
34616,5675792.5
34617,9111794.0
34618,4100641.5
34619,14804282.0
34620,4677133.5
34621,3999780.8
34622,6259820.5
34623,8035949.5
34624,4450184.0
34625,4933012.0
34626,6479892.0
34627,8267498.0
34628,2622198.2
34629,5444760.0
34630,17632018.0
34631,19111756.0
34632,17860968.0
34633,7587305.5
34634,5099194.0
34635,6305449.0
34636,5612182.5
34637,5561733.5
34638,8020921.5
34639,15207234.0
34640,7736287.5
34641,17813982.0
34642,5848098.5
34643,4775453.0
34644,12011987.0
34645,7547210.0
34646,8334200.5
34647,5545823.0
34648,6002251.5
34649,6572796.0
34650,3437999.0
34651,4261153.0
34652,6630943.5
34653,2842934.0
34654,7357493.0
34655,42098156.0
34656,8160630.5
34657,6024945.0
34658,3240081.0
34659,5234065.0
34660,4830052.0
34661,5204248.5
34662,6245852.0
34663,2584565.2
34664,5573561.5
34665,8322403.0
34666,14629248.0
34667,2593250.2
34668,8781242.0
34669,3348931.0
34670,9640088.0
34671,5420514.0
34672,5518039.5
34673,3616760.8
34674,5106829.0
34675,5205573.0
34676,9410898.0
34677,3105722.0
34678,5166312.0
34679,10566408.0
34680,4528712.0
34681,8503312.0
34682,5395037.5
34683,7315746.0
34684,4832440.5
34685,4769184.0
34686,3435545.5
34687,4258665.5
34688,6883640.0
34689,7277848.0
34690,9905395.0
34691,6981385.5
34692,4102713.5
34693,6708636.0
34694,6492465.5
34695,4102577.0
34696,7789477.5
34697,12219399.0
34698,5423934.5
34699,8539915.0
34700,5850776.0
34701,14804282.0
34702,4528712.0
34703,2460341.0
34704,4166779.0
34705,6734385.5
34706,7894352.0
34707,3341382.8
34708,5659552.0
34709,7930103.0
34710,11953217.0
34711,4833280.5
34712,3742815.5
34713,4769059.0
34714,10363410.0
34715,5980906.5
34716,4222609.5
34717,5112548.0
34718,5348439.0
34719,3099276.0
34720,7805243.5
34721,4583139.0
34722,3824759.8
34723,3856105.8
34724,3250382.2
34725,5763589.0
34726,6469615.0
34727,4344960.5
34728,3530350.5
34729,6296747.0
34730,5239216.0
34731,4883111.0
34732,3512985.5
34733,9905395.0
34734,6716988.5
34735,4012256.2
34736,8175636.0
34737,3795123.0
34738,6131783.0
34739,5183053.5
34740,4166779.0
34741,5689365.5
34742,5056137.0
34743,10918423.0
34744,6700081.0
34745,3582770.0
34746,4528712.0
